[
    {
        "mid": 1,
        "message": "Qué tal? Descubrí que sobre las nubes vuela el aliento. No sé que hacer al respecto.",
        "sender": 1,
        "receptant": 41,
        "lat": -46.059365,
        "long": -72.201691,
        "date": "2016-02-06"
    },
    {
        "mid": 2,
        "message": "Te cuento que: Quería saber cómo va tu día. Eso me hace feliz.",
        "sender": 1,
        "receptant": 21,
        "lat": -46.059365,
        "long": -72.201691,
        "date": "2018-10-16"
    },
    {
        "mid": 3,
        "message": "Tanto tiempo! Vienes en camino?",
        "sender": 1,
        "receptant": 28,
        "lat": -46.059365,
        "long": -72.201691,
        "date": "2015-02-20"
    },
    {
        "mid": 4,
        "message": "Konnichiwa! Canté mi canción favorita anoche. Eso me tiene bien.",
        "sender": 1,
        "receptant": 17,
        "lat": -46.059365,
        "long": -72.201691,
        "date": "2016-05-12"
    },
    {
        "mid": 5,
        "message": "Pasó algo. Estuve pensando en lo de P y NP. Me despido, salu3.",
        "sender": 2,
        "receptant": 34,
        "lat": 34.05,
        "long": -118.25,
        "date": "2015-10-26"
    },
    {
        "mid": 6,
        "message": "Buena! Cómo va tu curso de origami?",
        "sender": 2,
        "receptant": 10,
        "lat": 34.05,
        "long": -118.25,
        "date": "2018-04-20"
    },
    {
        "mid": 7,
        "message": "Tanto tiempo! Viste las noticias?",
        "sender": 2,
        "receptant": 38,
        "lat": 34.05,
        "long": -118.25,
        "date": "2016-03-10"
    },
    {
        "mid": 8,
        "message": "Hola! Hoy me levanté contento, hoy me levanté feliz. Hoy anoté un golazo. Eso me tiene bien.",
        "sender": 2,
        "receptant": 40,
        "lat": 34.05,
        "long": -118.25,
        "date": "2017-03-26"
    },
    {
        "mid": 9,
        "message": "Konnichiwa! Me encanta el reggaetton. Me despido, salu3.",
        "sender": 2,
        "receptant": 4,
        "lat": 34.05,
        "long": -118.25,
        "date": "2017-06-27"
    },
    {
        "mid": 10,
        "message": "Tenemos que hablar. Di un concierto anoche. Eso me tiene bien.",
        "sender": 2,
        "receptant": 21,
        "lat": 34.05,
        "long": -118.25,
        "date": "2017-08-17"
    },
    {
        "mid": 11,
        "message": "Pasó algo. Perdí mi pingüino. Me despido, salu3.",
        "sender": 2,
        "receptant": 1,
        "lat": 34.05,
        "long": -118.25,
        "date": "2016-10-17"
    },
    {
        "mid": 12,
        "message": "Buena! Me quiero ir del United. ",
        "sender": 3,
        "receptant": 20,
        "lat": 34.05,
        "long": -118.25,
        "date": "2016-06-24"
    },
    {
        "mid": 13,
        "message": "Cómo estás? Tengo que estudiar Bases de Datos. Eso me tiene mal.",
        "sender": 3,
        "receptant": 9,
        "lat": 34.05,
        "long": -118.25,
        "date": "2018-08-24"
    },
    {
        "mid": 14,
        "message": "Konnichiwa! Ayer hcie un sendero muy difícil. 10 - 4.",
        "sender": 3,
        "receptant": 9,
        "lat": 34.05,
        "long": -118.25,
        "date": "2018-02-13"
    },
    {
        "mid": 15,
        "message": "Tenemos que hablar. Hubo un gol de Audax. No sé que hacer al respecto.",
        "sender": 3,
        "receptant": 36,
        "lat": 34.05,
        "long": -118.25,
        "date": "2016-02-13"
    },
    {
        "mid": 16,
        "message": "Buena! Cómo va tu curso de origami?",
        "sender": 4,
        "receptant": 15,
        "lat": -33.45,
        "long": -70.666667,
        "date": "2015-05-14"
    },
    {
        "mid": 17,
        "message": "Tenemos que hablar. Tengo que estudiar Bases de Datos. Jajajajaja.",
        "sender": 4,
        "receptant": 31,
        "lat": -33.45,
        "long": -70.666667,
        "date": "2017-09-09"
    },
    {
        "mid": 18,
        "message": "Konnichiwa! Canté mi canción favorita anoche. Eso me hace feliz.",
        "sender": 4,
        "receptant": 9,
        "lat": -33.45,
        "long": -70.666667,
        "date": "2018-12-20"
    },
    {
        "mid": 19,
        "message": "Qué tal? Alcancé el equilibrio espiritual. Cuando un partido?",
        "sender": 4,
        "receptant": 9,
        "lat": -33.45,
        "long": -70.666667,
        "date": "2017-09-01"
    },
    {
        "mid": 20,
        "message": "Te cuento que: Quiero jugar Megaman. Bai.",
        "sender": 4,
        "receptant": 36,
        "lat": -33.45,
        "long": -70.666667,
        "date": "2016-01-28"
    },
    {
        "mid": 21,
        "message": "Pasó algo. Bailé hasta muy tarde. Jijiji.",
        "sender": 4,
        "receptant": 35,
        "lat": -33.45,
        "long": -70.666667,
        "date": "2018-02-17"
    },
    {
        "mid": 22,
        "message": "Hola! Te quiero 3000. 10 - 4.",
        "sender": 5,
        "receptant": 37,
        "lat": -34.603333,
        "long": -58.381667,
        "date": "2017-05-18"
    },
    {
        "mid": 23,
        "message": "Tanto tiempo! Te quiero 3000. Me despido, salu5.",
        "sender": 5,
        "receptant": 13,
        "lat": -34.603333,
        "long": -58.381667,
        "date": "2015-10-14"
    },
    {
        "mid": 24,
        "message": "Buena! No recuerdo nada. Cuando un partido?",
        "sender": 5,
        "receptant": 38,
        "lat": -34.603333,
        "long": -58.381667,
        "date": "2018-03-20"
    },
    {
        "mid": 25,
        "message": "Qué tal? Me quiero ir del United. Eso me hace feliz.",
        "sender": 5,
        "receptant": 21,
        "lat": -34.603333,
        "long": -58.381667,
        "date": "2016-11-03"
    },
    {
        "mid": 26,
        "message": "Pasó algo. No lo sé Rick, parece falso. Eso me tiene bien.",
        "sender": 5,
        "receptant": 43,
        "lat": -34.603333,
        "long": -58.381667,
        "date": "2017-12-23"
    },
    {
        "mid": 27,
        "message": "Cómo estás? Keep calm and buy NebCoins. Eso me hace feliz.",
        "sender": 6,
        "receptant": 20,
        "lat": 34.690325,
        "long": 135.794393,
        "date": "2016-03-24"
    },
    {
        "mid": 28,
        "message": "Konnichiwa! Descubrí que sobre las nubes vuela el aliento. Me despido, saludos.",
        "sender": 6,
        "receptant": 16,
        "lat": 34.690325,
        "long": 135.794393,
        "date": "2018-03-13"
    },
    {
        "mid": 29,
        "message": "Hola! Viste las noticias?",
        "sender": 6,
        "receptant": 11,
        "lat": 34.690325,
        "long": 135.794393,
        "date": "2016-07-01"
    },
    {
        "mid": 30,
        "message": "Buena! Hice un pingüino de origami. Espero que nos juntemos pronto.",
        "sender": 6,
        "receptant": 4,
        "lat": 34.690325,
        "long": 135.794393,
        "date": "2015-05-11"
    },
    {
        "mid": 31,
        "message": "Buena! Cómo va tu curso de origami?",
        "sender": 7,
        "receptant": 28,
        "lat": 35.333726,
        "long": 25.374343,
        "date": "2017-01-16"
    },
    {
        "mid": 32,
        "message": "Buena! Me encanta el reggaetton. Eso me hace feliz.",
        "sender": 7,
        "receptant": 33,
        "lat": 35.333726,
        "long": 25.374343,
        "date": "2016-10-25"
    },
    {
        "mid": 33,
        "message": "Tanto tiempo! Ayer hice un sendero muy fácil. Me despido, salu3.",
        "sender": 7,
        "receptant": 14,
        "lat": 35.333726,
        "long": 25.374343,
        "date": "2016-11-25"
    },
    {
        "mid": 34,
        "message": "Hola! Cómo te fue con el encargo?",
        "sender": 7,
        "receptant": 23,
        "lat": 35.333726,
        "long": 25.374343,
        "date": "2016-02-26"
    },
    {
        "mid": 35,
        "message": "Te cuento que: Di un concierto anoche. Eso me tiene mal.",
        "sender": 8,
        "receptant": 21,
        "lat": -33.05,
        "long": -71.616667,
        "date": "2017-04-06"
    },
    {
        "mid": 36,
        "message": "Hola! Estuve pensando en lo de P y NP. Cambio y fuera.",
        "sender": 8,
        "receptant": 38,
        "lat": -33.05,
        "long": -71.616667,
        "date": "2018-02-12"
    },
    {
        "mid": 37,
        "message": "Cómo estás? Di un concierto anoche. Jijiji.",
        "sender": 8,
        "receptant": 10,
        "lat": -33.05,
        "long": -71.616667,
        "date": "2015-12-07"
    },
    {
        "mid": 38,
        "message": "Qué tal? Me banearon del fifa por robar. Jijiji.",
        "sender": 8,
        "receptant": 34,
        "lat": -33.05,
        "long": -71.616667,
        "date": "2018-06-06"
    },
    {
        "mid": 39,
        "message": "Pasó algo. Me encanta el grunge. Cuando un partido?",
        "sender": 8,
        "receptant": 38,
        "lat": -33.05,
        "long": -71.616667,
        "date": "2016-12-06"
    },
    {
        "mid": 40,
        "message": "Konnichiwa! Di un concierto anoche. Me despido, salu5.",
        "sender": 8,
        "receptant": 16,
        "lat": -33.05,
        "long": -71.616667,
        "date": "2018-07-17"
    },
    {
        "mid": 41,
        "message": "Konnichiwa! Estamos preparando material para el nuevo disco. Me despido, saludos.",
        "sender": 9,
        "receptant": 21,
        "lat": 34.690325,
        "long": 135.794393,
        "date": "2017-08-01"
    },
    {
        "mid": 42,
        "message": "Konnichiwa! No sé que hacer. Jajajajaja.",
        "sender": 9,
        "receptant": 13,
        "lat": 34.690325,
        "long": 135.794393,
        "date": "2016-12-06"
    },
    {
        "mid": 43,
        "message": "Hey! Me comí un completo. Jajajajaja.",
        "sender": 9,
        "receptant": 31,
        "lat": 34.690325,
        "long": 135.794393,
        "date": "2015-06-26"
    },
    {
        "mid": 44,
        "message": "Qué tal? Me despido, salu3.",
        "sender": 9,
        "receptant": 31,
        "lat": 34.690325,
        "long": 135.794393,
        "date": "2018-07-17"
    },
    {
        "mid": 45,
        "message": "Qué tal? Pensé en lo que el paso de las estaciones significa en mi vida. Cuando un partido?",
        "sender": 10,
        "receptant": 13,
        "lat": 34.05,
        "long": -118.25,
        "date": "2015-03-18"
    },
    {
        "mid": 46,
        "message": "Pasó algo. Te odio. No sé que hacer al respecto.",
        "sender": 10,
        "receptant": 19,
        "lat": 34.05,
        "long": -118.25,
        "date": "2015-02-18"
    },
    {
        "mid": 47,
        "message": "Buena! Me encanta el grunge. ",
        "sender": 10,
        "receptant": 16,
        "lat": 34.05,
        "long": -118.25,
        "date": "2015-09-21"
    },
    {
        "mid": 48,
        "message": "Qué tal? Pensé en lo que el paso de las estaciones significa en mi vida. Jijiji.",
        "sender": 10,
        "receptant": 42,
        "lat": 34.05,
        "long": -118.25,
        "date": "2015-04-15"
    },
    {
        "mid": 49,
        "message": "Konnichiwa! Lorem ipsum dolor sit amet. Espero que nos juntemos pronto.",
        "sender": 10,
        "receptant": 5,
        "lat": 34.05,
        "long": -118.25,
        "date": "2018-02-13"
    },
    {
        "mid": 50,
        "message": "Buena! Has ido al nuevo restaurant?",
        "sender": 10,
        "receptant": 31,
        "lat": 34.05,
        "long": -118.25,
        "date": "2017-12-26"
    },
    {
        "mid": 51,
        "message": "Qué tal? Está difícil la tarea. Eso me tiene bien.",
        "sender": 11,
        "receptant": 23,
        "lat": 25.2048,
        "long": 55.2708,
        "date": "2017-05-15"
    },
    {
        "mid": 52,
        "message": "Qué tal? Quiero jugar Pokémon. Espero que nos juntemos pronto.",
        "sender": 11,
        "receptant": 40,
        "lat": 25.2048,
        "long": 55.2708,
        "date": "2016-11-15"
    },
    {
        "mid": 53,
        "message": "Qué tal? Perdí mi pingüino. Bai.",
        "sender": 11,
        "receptant": 42,
        "lat": 25.2048,
        "long": 55.2708,
        "date": "2017-07-12"
    },
    {
        "mid": 54,
        "message": "Hola! Has ido al nuevo restaurant?",
        "sender": 11,
        "receptant": 6,
        "lat": 25.2048,
        "long": 55.2708,
        "date": "2018-04-13"
    },
    {
        "mid": 55,
        "message": "Cómo estás? Me lesioné. Eso me hace feliz.",
        "sender": 11,
        "receptant": 8,
        "lat": 25.2048,
        "long": 55.2708,
        "date": "2015-05-24"
    },
    {
        "mid": 56,
        "message": "Te cuento que: Ayer hice un sendero muy fácil. Eso me hace feliz.",
        "sender": 11,
        "receptant": 24,
        "lat": 25.2048,
        "long": 55.2708,
        "date": "2016-07-08"
    },
    {
        "mid": 57,
        "message": "Qué tal? No recuerdo nada. Cambio y fuera.",
        "sender": 12,
        "receptant": 5,
        "lat": 34.690325,
        "long": 135.794393,
        "date": "2016-09-22"
    },
    {
        "mid": 58,
        "message": "Hey! Pensé en lo que el paso de las estaciones significa en mi vida. Eso me hace feliz.",
        "sender": 12,
        "receptant": 24,
        "lat": 34.690325,
        "long": 135.794393,
        "date": "2016-08-23"
    },
    {
        "mid": 59,
        "message": "Hola! Me quiero ir del Barça. Espero que nos juntemos pronto.",
        "sender": 12,
        "receptant": 2,
        "lat": 34.690325,
        "long": 135.794393,
        "date": "2016-11-05"
    },
    {
        "mid": 60,
        "message": "Cómo estás? Me encanta el grunge. Espero que nos juntemos pronto.",
        "sender": 13,
        "receptant": 9,
        "lat": -46.059365,
        "long": -72.201691,
        "date": "2017-04-01"
    },
    {
        "mid": 61,
        "message": "Hola! Lorem ipsum dolor sit amet. Eso me tiene mal.",
        "sender": 13,
        "receptant": 24,
        "lat": -46.059365,
        "long": -72.201691,
        "date": "2015-10-14"
    },
    {
        "mid": 62,
        "message": "Tenemos que hablar. Descubrí que sobre las nubes vuela el aliento. Me despido, salu5.",
        "sender": 13,
        "receptant": 15,
        "lat": -46.059365,
        "long": -72.201691,
        "date": "2015-12-20"
    },
    {
        "mid": 63,
        "message": "Hey! Está difícil la tarea. Me despido, salu5.",
        "sender": 13,
        "receptant": 39,
        "lat": -46.059365,
        "long": -72.201691,
        "date": "2018-02-01"
    },
    {
        "mid": 64,
        "message": "Hola! Te quiero 3000. Cambio y fuera.",
        "sender": 13,
        "receptant": 37,
        "lat": -46.059365,
        "long": -72.201691,
        "date": "2016-06-13"
    },
    {
        "mid": 65,
        "message": "Hola! Hice un pingüino de origami. Eso me hace feliz.",
        "sender": 13,
        "receptant": 21,
        "lat": -46.059365,
        "long": -72.201691,
        "date": "2018-02-12"
    },
    {
        "mid": 66,
        "message": "Cómo estás? Quería saber cómo va tu día. Espero que nos juntemos pronto.",
        "sender": 13,
        "receptant": 6,
        "lat": -46.059365,
        "long": -72.201691,
        "date": "2018-10-21"
    },
    {
        "mid": 67,
        "message": "Hey! Quiero jugar Megaman. 10 - 4.",
        "sender": 14,
        "receptant": 1,
        "lat": 28.1,
        "long": -15.4,
        "date": "2016-01-02"
    },
    {
        "mid": 68,
        "message": "Qué tal? Estuve pensando en lo de P y NP. Jijiji.",
        "sender": 14,
        "receptant": 42,
        "lat": 28.1,
        "long": -15.4,
        "date": "2017-06-23"
    },
    {
        "mid": 69,
        "message": "Pasó algo. Ayer hcie un sendero muy difícil. Me despido, salu3.",
        "sender": 14,
        "receptant": 7,
        "lat": 28.1,
        "long": -15.4,
        "date": "2018-02-05"
    },
    {
        "mid": 70,
        "message": "Cómo estás? Quiero jugar Megaman. Espero que nos juntemos pronto.",
        "sender": 14,
        "receptant": 15,
        "lat": 28.1,
        "long": -15.4,
        "date": "2018-05-23"
    },
    {
        "mid": 71,
        "message": "Te cuento que: Me quiero ir del United. Me despido, saludos.",
        "sender": 14,
        "receptant": 11,
        "lat": 28.1,
        "long": -15.4,
        "date": "2015-04-07"
    },
    {
        "mid": 72,
        "message": "Sucede que: Canté mi canción favorita anoche. Cuando un partido?",
        "sender": 14,
        "receptant": 7,
        "lat": 28.1,
        "long": -15.4,
        "date": "2018-09-08"
    },
    {
        "mid": 73,
        "message": "Hola! Vienes en camino?",
        "sender": 15,
        "receptant": 30,
        "lat": -29.9,
        "long": -71.25,
        "date": "2016-04-27"
    },
    {
        "mid": 74,
        "message": "Te cuento que: Me banearon del fifa por robar. Eso me hace feliz.",
        "sender": 15,
        "receptant": 4,
        "lat": -29.9,
        "long": -71.25,
        "date": "2015-07-17"
    },
    {
        "mid": 75,
        "message": "Hey! Di un concierto anoche. Espero que nos juntemos pronto.",
        "sender": 15,
        "receptant": 12,
        "lat": -29.9,
        "long": -71.25,
        "date": "2016-08-04"
    },
    {
        "mid": 76,
        "message": "Buena! This is no time for caution, TARS. Eso me tiene bien.",
        "sender": 15,
        "receptant": 30,
        "lat": -29.9,
        "long": -71.25,
        "date": "2015-02-08"
    },
    {
        "mid": 77,
        "message": "Hola! Me encanta el reggaetton. Cuando un partido?",
        "sender": 15,
        "receptant": 14,
        "lat": -29.9,
        "long": -71.25,
        "date": "2017-04-22"
    },
    {
        "mid": 78,
        "message": "Hey! Estoy borracho. Cambio y fuera.",
        "sender": 16,
        "receptant": 39,
        "lat": -33.05,
        "long": -71.616667,
        "date": "2018-02-16"
    },
    {
        "mid": 79,
        "message": "Pasó algo. Canté mi canción favorita anoche. Bai.",
        "sender": 16,
        "receptant": 36,
        "lat": -33.05,
        "long": -71.616667,
        "date": "2016-06-22"
    },
    {
        "mid": 80,
        "message": "Hey! Me quiero ir del United. Me despido, saludos.",
        "sender": 16,
        "receptant": 35,
        "lat": -33.05,
        "long": -71.616667,
        "date": "2015-11-28"
    },
    {
        "mid": 81,
        "message": "Konnichiwa! Alcancé el equilibrio espiritual. Cambio y fuera.",
        "sender": 17,
        "receptant": 7,
        "lat": 43.773218,
        "long": 11.25847,
        "date": "2018-05-28"
    },
    {
        "mid": 82,
        "message": "Tenemos que hablar. Me banearon del fifa por robar. ",
        "sender": 17,
        "receptant": 29,
        "lat": 43.773218,
        "long": 11.25847,
        "date": "2017-03-10"
    },
    {
        "mid": 83,
        "message": "Tanto tiempo! Bailé hasta muy tarde. No sé que hacer al respecto.",
        "sender": 17,
        "receptant": 25,
        "lat": 43.773218,
        "long": 11.25847,
        "date": "2015-06-03"
    },
    {
        "mid": 84,
        "message": "Buena! Cómo te fue con el encargo?",
        "sender": 18,
        "receptant": 17,
        "lat": -34.603333,
        "long": -58.381667,
        "date": "2016-01-03"
    },
    {
        "mid": 85,
        "message": "Te cuento que: Ayer hice un sendero muy fácil. Bai.",
        "sender": 18,
        "receptant": 11,
        "lat": -34.603333,
        "long": -58.381667,
        "date": "2016-04-01"
    },
    {
        "mid": 86,
        "message": "Te cuento que: Me robé su corazón. Jajajajaja.",
        "sender": 18,
        "receptant": 33,
        "lat": -34.603333,
        "long": -58.381667,
        "date": "2018-07-10"
    },
    {
        "mid": 87,
        "message": "Buena! I like turtles :). Eso me hace feliz.",
        "sender": 18,
        "receptant": 15,
        "lat": -34.603333,
        "long": -58.381667,
        "date": "2015-01-26"
    },
    {
        "mid": 88,
        "message": "Konnichiwa! Quiero organizar una fiesta de té. Me despido, saludos.",
        "sender": 18,
        "receptant": 7,
        "lat": -34.603333,
        "long": -58.381667,
        "date": "2017-05-02"
    },
    {
        "mid": 89,
        "message": "Hola! Viste la teleserie?",
        "sender": 18,
        "receptant": 4,
        "lat": -34.603333,
        "long": -58.381667,
        "date": "2015-08-20"
    },
    {
        "mid": 90,
        "message": "Buena! Cómo te fue con el encargo?",
        "sender": 19,
        "receptant": 14,
        "lat": -53.166667,
        "long": -70.933333,
        "date": "2016-05-15"
    },
    {
        "mid": 91,
        "message": "Te cuento que: Me encanta el metal. Me despido, saludos.",
        "sender": 19,
        "receptant": 37,
        "lat": -53.166667,
        "long": -70.933333,
        "date": "2018-12-03"
    },
    {
        "mid": 92,
        "message": "Tanto tiempo! I'm a pickle. Jijiji.",
        "sender": 19,
        "receptant": 21,
        "lat": -53.166667,
        "long": -70.933333,
        "date": "2018-06-04"
    },
    {
        "mid": 93,
        "message": "Sucede que: Fue falta profe! No sé que hacer al respecto.",
        "sender": 19,
        "receptant": 14,
        "lat": -53.166667,
        "long": -70.933333,
        "date": "2016-12-14"
    },
    {
        "mid": 94,
        "message": "Tanto tiempo! Fue falta profe! Me despido, salu5.",
        "sender": 19,
        "receptant": 7,
        "lat": -53.166667,
        "long": -70.933333,
        "date": "2015-01-05"
    },
    {
        "mid": 95,
        "message": "Sucede que: Me gustó el hotel que reservé. No sé que hacer al respecto.",
        "sender": 19,
        "receptant": 35,
        "lat": -53.166667,
        "long": -70.933333,
        "date": "2017-02-27"
    },
    {
        "mid": 96,
        "message": "Buena! Viste las noticias?",
        "sender": 20,
        "receptant": 22,
        "lat": -36.828194,
        "long": -73.051369,
        "date": "2018-11-20"
    },
    {
        "mid": 97,
        "message": "Hey! Me lesioné. Cambio y fuera.",
        "sender": 20,
        "receptant": 3,
        "lat": -36.828194,
        "long": -73.051369,
        "date": "2015-12-22"
    },
    {
        "mid": 98,
        "message": "Cómo estás? Canté mi canción favorita anoche. Me despido, salu5.",
        "sender": 20,
        "receptant": 30,
        "lat": -36.828194,
        "long": -73.051369,
        "date": "2018-06-20"
    },
    {
        "mid": 99,
        "message": "Cómo estás? Quiero jugar Megaman. Bai.",
        "sender": 20,
        "receptant": 43,
        "lat": -36.828194,
        "long": -73.051369,
        "date": "2017-10-11"
    },
    {
        "mid": 100,
        "message": "Tanto tiempo! Pensaste lo que el paso de las estaciones significa en tu vida?",
        "sender": 21,
        "receptant": 4,
        "lat": -23.65,
        "long": -70.4,
        "date": "2016-07-03"
    },
    {
        "mid": 101,
        "message": "Konnichiwa! Ayer hcie un sendero muy difícil. Eso me tiene bien.",
        "sender": 21,
        "receptant": 12,
        "lat": -23.65,
        "long": -70.4,
        "date": "2018-08-09"
    },
    {
        "mid": 102,
        "message": "Tenemos que hablar. This is no time for caution, TARS. No sé que hacer al respecto.",
        "sender": 21,
        "receptant": 13,
        "lat": -23.65,
        "long": -70.4,
        "date": "2015-08-06"
    },
    {
        "mid": 103,
        "message": "Konnichiwa! Quiero hacer el tour de Robert Langdon por Roma. Bai.",
        "sender": 21,
        "receptant": 16,
        "lat": -23.65,
        "long": -70.4,
        "date": "2017-11-22"
    },
    {
        "mid": 104,
        "message": "Qué tal? Hubo un gol de Audax. Cuando un partido?",
        "sender": 22,
        "receptant": 24,
        "lat": 45.466667,
        "long": 9.183333,
        "date": "2016-01-20"
    },
    {
        "mid": 105,
        "message": "Tenemos que hablar. Me encanta el reggaetton. Espero que nos juntemos pronto.",
        "sender": 22,
        "receptant": 44,
        "lat": 45.466667,
        "long": 9.183333,
        "date": "2017-08-15"
    },
    {
        "mid": 106,
        "message": "Tanto tiempo! Me comí un churrasco. Cuando un partido?",
        "sender": 22,
        "receptant": 5,
        "lat": 45.466667,
        "long": 9.183333,
        "date": "2015-11-15"
    },
    {
        "mid": 107,
        "message": "Tanto tiempo! Estoy intentando aprobar el test de turing. Eso me tiene mal.",
        "sender": 22,
        "receptant": 10,
        "lat": 45.466667,
        "long": 9.183333,
        "date": "2017-02-05"
    },
    {
        "mid": 108,
        "message": "Konnichiwa! Di un concierto anoche. Jijiji.",
        "sender": 22,
        "receptant": 36,
        "lat": 45.466667,
        "long": 9.183333,
        "date": "2017-06-20"
    },
    {
        "mid": 109,
        "message": "Qué tal? Bailé hasta muy tarde. Jajajajaja.",
        "sender": 22,
        "receptant": 29,
        "lat": 45.466667,
        "long": 9.183333,
        "date": "2016-09-04"
    },
    {
        "mid": 110,
        "message": "Te cuento que: Escuché la nueva canción de Metallica. Cuando un partido?",
        "sender": 23,
        "receptant": 30,
        "lat": -18.483333,
        "long": -70.333333,
        "date": "2016-03-03"
    },
    {
        "mid": 111,
        "message": "Hey! Mi muñeca me habló. Me despido, salu5.",
        "sender": 23,
        "receptant": 43,
        "lat": -18.483333,
        "long": -70.333333,
        "date": "2018-11-13"
    },
    {
        "mid": 112,
        "message": "Cómo estás? Fue falta profe! Eso me tiene bien.",
        "sender": 23,
        "receptant": 39,
        "lat": -18.483333,
        "long": -70.333333,
        "date": "2015-11-26"
    },
    {
        "mid": 113,
        "message": "Tanto tiempo! Escuché la nueva canción de Metallica. Eso me hace feliz.",
        "sender": 23,
        "receptant": 30,
        "lat": -18.483333,
        "long": -70.333333,
        "date": "2018-11-01"
    },
    {
        "mid": 114,
        "message": "Te cuento que: Alcancé el equilibrio espiritual. Espero que nos juntemos pronto.",
        "sender": 23,
        "receptant": 10,
        "lat": -18.483333,
        "long": -70.333333,
        "date": "2016-02-14"
    },
    {
        "mid": 115,
        "message": "Hola! Cómo estás?",
        "sender": 23,
        "receptant": 40,
        "lat": -18.483333,
        "long": -70.333333,
        "date": "2018-01-28"
    },
    {
        "mid": 116,
        "message": "Sucede que: Canté mi canción favorita anoche. No sé que hacer al respecto.",
        "sender": 23,
        "receptant": 26,
        "lat": -18.483333,
        "long": -70.333333,
        "date": "2018-03-07"
    },
    {
        "mid": 117,
        "message": "Cómo estás? Di un concierto anoche. Espero que nos juntemos pronto.",
        "sender": 24,
        "receptant": 12,
        "lat": 35.333726,
        "long": 25.374343,
        "date": "2018-11-23"
    },
    {
        "mid": 118,
        "message": "Pasó algo. Bailé hasta muy tarde. ",
        "sender": 24,
        "receptant": 35,
        "lat": 35.333726,
        "long": 25.374343,
        "date": "2015-02-16"
    },
    {
        "mid": 119,
        "message": "Hola! Cómo estás?",
        "sender": 24,
        "receptant": 1,
        "lat": 35.333726,
        "long": 25.374343,
        "date": "2015-03-10"
    },
    {
        "mid": 120,
        "message": "Tenemos que hablar. Ayer hice un sendero muy fácil. ",
        "sender": 24,
        "receptant": 42,
        "lat": 35.333726,
        "long": 25.374343,
        "date": "2016-11-11"
    },
    {
        "mid": 121,
        "message": "Buena! Quiero jugar Pokémon. Cambio y fuera.",
        "sender": 24,
        "receptant": 2,
        "lat": 35.333726,
        "long": 25.374343,
        "date": "2017-02-08"
    },
    {
        "mid": 122,
        "message": "Cómo estás? Pensé en lo que el paso de las estaciones significa en mi vida. Bai.",
        "sender": 24,
        "receptant": 44,
        "lat": 35.333726,
        "long": 25.374343,
        "date": "2017-08-07"
    },
    {
        "mid": 123,
        "message": "Hola! Me banearon del fifa por robar. ",
        "sender": 25,
        "receptant": 43,
        "lat": 25.2048,
        "long": 55.2708,
        "date": "2018-10-11"
    },
    {
        "mid": 124,
        "message": "Cómo estás? Mi muñeca me habló. Eso me hace feliz.",
        "sender": 25,
        "receptant": 9,
        "lat": 25.2048,
        "long": 55.2708,
        "date": "2018-06-13"
    },
    {
        "mid": 125,
        "message": "Sucede que: Hice un pingüino de origami. Eso me tiene mal.",
        "sender": 25,
        "receptant": 28,
        "lat": 25.2048,
        "long": 55.2708,
        "date": "2016-07-02"
    },
    {
        "mid": 126,
        "message": "Qué tal? Vi a un ballet anoche. Eso me tiene mal.",
        "sender": 25,
        "receptant": 35,
        "lat": 25.2048,
        "long": 55.2708,
        "date": "2017-06-25"
    },
    {
        "mid": 127,
        "message": "Konnichiwa! No recuerdo nada. Eso me tiene mal.",
        "sender": 25,
        "receptant": 10,
        "lat": 25.2048,
        "long": 55.2708,
        "date": "2015-02-14"
    },
    {
        "mid": 128,
        "message": "Tanto tiempo! Tengo que estudiar Bases de Datos. 10 - 4.",
        "sender": 25,
        "receptant": 26,
        "lat": 25.2048,
        "long": 55.2708,
        "date": "2017-06-20"
    },
    {
        "mid": 129,
        "message": "Qué tal? Perdí mi pingüino. No sé que hacer al respecto.",
        "sender": 26,
        "receptant": 14,
        "lat": -23.65,
        "long": -70.4,
        "date": "2017-04-19"
    },
    {
        "mid": 130,
        "message": "Konnichiwa! Me comí un churrasco. Jajajajaja.",
        "sender": 26,
        "receptant": 9,
        "lat": -23.65,
        "long": -70.4,
        "date": "2016-11-20"
    },
    {
        "mid": 131,
        "message": "Viste la teleserie?",
        "sender": 26,
        "receptant": 33,
        "lat": -23.65,
        "long": -70.4,
        "date": "2016-07-21"
    },
    {
        "mid": 132,
        "message": "Tenemos que hablar. Ayer hice un sendero muy fácil. Me despido, saludos.",
        "sender": 26,
        "receptant": 28,
        "lat": -23.65,
        "long": -70.4,
        "date": "2018-12-13"
    },
    {
        "mid": 133,
        "message": "Has ido al nuevo restaurant?",
        "sender": 26,
        "receptant": 25,
        "lat": -23.65,
        "long": -70.4,
        "date": "2018-02-03"
    },
    {
        "mid": 134,
        "message": "Tanto tiempo! Me encanta el metal. Me despido, salu5.",
        "sender": 26,
        "receptant": 39,
        "lat": -23.65,
        "long": -70.4,
        "date": "2018-10-18"
    },
    {
        "mid": 135,
        "message": "Buena! Me encanta el reggaetton. ",
        "sender": 27,
        "receptant": 20,
        "lat": 43.773218,
        "long": 11.25847,
        "date": "2017-07-22"
    },
    {
        "mid": 136,
        "message": "Buena! Vas a venir?",
        "sender": 27,
        "receptant": 14,
        "lat": 43.773218,
        "long": 11.25847,
        "date": "2016-03-03"
    },
    {
        "mid": 137,
        "message": "Tanto tiempo! Cobreloa es el mejor equipo del mundo. ",
        "sender": 27,
        "receptant": 5,
        "lat": 43.773218,
        "long": 11.25847,
        "date": "2016-08-04"
    },
    {
        "mid": 138,
        "message": "Hola! Me encanta el metal. Bai.",
        "sender": 27,
        "receptant": 2,
        "lat": 43.773218,
        "long": 11.25847,
        "date": "2016-05-03"
    },
    {
        "mid": 139,
        "message": "Hey! Quería saber si pensaste lo que el paso de las estaciones significa en tu vida. Eso me tiene mal.",
        "sender": 27,
        "receptant": 25,
        "lat": 43.773218,
        "long": 11.25847,
        "date": "2016-07-04"
    },
    {
        "mid": 140,
        "message": "Vas a venir?",
        "sender": 27,
        "receptant": 14,
        "lat": 43.773218,
        "long": 11.25847,
        "date": "2017-09-25"
    },
    {
        "mid": 141,
        "message": "Hola! Me gustó el hotel que reservé. Bai.",
        "sender": 28,
        "receptant": 15,
        "lat": -33.8688,
        "long": 151.2092,
        "date": "2017-11-08"
    },
    {
        "mid": 142,
        "message": "Qué tal? Me gustó el hotel que reservé. 10 - 4.",
        "sender": 28,
        "receptant": 16,
        "lat": -33.8688,
        "long": 151.2092,
        "date": "2017-06-19"
    },
    {
        "mid": 143,
        "message": "Hola! Quiero jugar Pokémon. Bai.",
        "sender": 28,
        "receptant": 8,
        "lat": -33.8688,
        "long": 151.2092,
        "date": "2015-09-16"
    },
    {
        "mid": 144,
        "message": "Hiciste la tarea de BD?",
        "sender": 28,
        "receptant": 9,
        "lat": -33.8688,
        "long": 151.2092,
        "date": "2017-11-27"
    },
    {
        "mid": 145,
        "message": "Buena! Me gustó el hotel que reservé. Cambio y fuera.",
        "sender": 28,
        "receptant": 12,
        "lat": -33.8688,
        "long": 151.2092,
        "date": "2016-04-09"
    },
    {
        "mid": 146,
        "message": "Hey! Alcancé el equilibrio espiritual. Me despido, saludos.",
        "sender": 28,
        "receptant": 24,
        "lat": -33.8688,
        "long": 151.2092,
        "date": "2018-07-01"
    },
    {
        "mid": 147,
        "message": "Cómo estás? Te quiero 3000. Jajajajaja.",
        "sender": 29,
        "receptant": 12,
        "lat": -36.828194,
        "long": -73.051369,
        "date": "2017-11-06"
    },
    {
        "mid": 148,
        "message": "Konnichiwa! Me robé su corazón. 10 - 4.",
        "sender": 29,
        "receptant": 24,
        "lat": -36.828194,
        "long": -73.051369,
        "date": "2018-09-22"
    },
    {
        "mid": 149,
        "message": "Hey! No sé que hacer. Eso me tiene mal.",
        "sender": 29,
        "receptant": 40,
        "lat": -36.828194,
        "long": -73.051369,
        "date": "2016-11-26"
    },
    {
        "mid": 150,
        "message": "Buena! Cómo va tu curso de origami?",
        "sender": 29,
        "receptant": 41,
        "lat": -36.828194,
        "long": -73.051369,
        "date": "2018-03-20"
    },
    {
        "mid": 151,
        "message": "Te cuento que: Tengo que estudiar Bases de Datos. Me despido, salu3.",
        "sender": 29,
        "receptant": 36,
        "lat": -36.828194,
        "long": -73.051369,
        "date": "2015-05-21"
    },
    {
        "mid": 152,
        "message": "Buena! Me comí un churrasco. Eso me hace feliz.",
        "sender": 30,
        "receptant": 26,
        "lat": 35.333726,
        "long": 25.374343,
        "date": "2016-03-14"
    },
    {
        "mid": 153,
        "message": "Hola! Pensaste en la propuesta?",
        "sender": 30,
        "receptant": 31,
        "lat": 35.333726,
        "long": 25.374343,
        "date": "2016-12-28"
    },
    {
        "mid": 154,
        "message": "Tanto tiempo! Quiero hacer el tour de Robert Langdon por Roma. Cuando un partido?",
        "sender": 30,
        "receptant": 28,
        "lat": 35.333726,
        "long": 25.374343,
        "date": "2015-07-01"
    },
    {
        "mid": 155,
        "message": "Cómo estás? Hice un pingüino de origami. Espero que nos juntemos pronto.",
        "sender": 30,
        "receptant": 31,
        "lat": 35.333726,
        "long": 25.374343,
        "date": "2015-02-05"
    },
    {
        "mid": 156,
        "message": "Hola! Cómo va tu curso de origami?",
        "sender": 30,
        "receptant": 20,
        "lat": 35.333726,
        "long": 25.374343,
        "date": "2018-08-08"
    },
    {
        "mid": 157,
        "message": "Sucede que: Me comí un churrasco. Eso me hace feliz.",
        "sender": 30,
        "receptant": 17,
        "lat": 35.333726,
        "long": 25.374343,
        "date": "2017-05-14"
    },
    {
        "mid": 158,
        "message": "Hola! Viste la teleserie?",
        "sender": 31,
        "receptant": 28,
        "lat": -29.9,
        "long": -71.25,
        "date": "2018-05-01"
    },
    {
        "mid": 159,
        "message": "Buena! Estudiaste BD?",
        "sender": 31,
        "receptant": 12,
        "lat": -29.9,
        "long": -71.25,
        "date": "2016-05-25"
    },
    {
        "mid": 160,
        "message": "Pasó algo. Quiero jugar Pokémon. Eso me tiene bien.",
        "sender": 31,
        "receptant": 35,
        "lat": -29.9,
        "long": -71.25,
        "date": "2017-08-23"
    },
    {
        "mid": 161,
        "message": "Pasó algo. Canté mi canción favorita anoche. Jajajajaja.",
        "sender": 31,
        "receptant": 30,
        "lat": -29.9,
        "long": -71.25,
        "date": "2015-07-09"
    },
    {
        "mid": 162,
        "message": "Konnichiwa! Me robé su corazón. Bai.",
        "sender": 32,
        "receptant": 17,
        "lat": 35.77304,
        "long": 140.387044,
        "date": "2017-07-07"
    },
    {
        "mid": 163,
        "message": "Cómo estás? Lorem ipsum dolor sit amet. Jijiji.",
        "sender": 32,
        "receptant": 21,
        "lat": 35.77304,
        "long": 140.387044,
        "date": "2016-01-22"
    },
    {
        "mid": 164,
        "message": "Konnichiwa! Lorem ipsum dolor sit amet. 10 - 4.",
        "sender": 32,
        "receptant": 28,
        "lat": 35.77304,
        "long": 140.387044,
        "date": "2015-02-14"
    },
    {
        "mid": 165,
        "message": "Hola! Has ido al nuevo restaurant?",
        "sender": 33,
        "receptant": 36,
        "lat": -34.166667,
        "long": -70.75,
        "date": "2018-01-09"
    },
    {
        "mid": 166,
        "message": "Buena! Me gustó el hotel que reservé. No sé que hacer al respecto.",
        "sender": 33,
        "receptant": 12,
        "lat": -34.166667,
        "long": -70.75,
        "date": "2015-07-16"
    },
    {
        "mid": 167,
        "message": "Tenemos que hablar. Mi muñeca me habló. No sé que hacer al respecto.",
        "sender": 33,
        "receptant": 32,
        "lat": -34.166667,
        "long": -70.75,
        "date": "2015-07-20"
    },
    {
        "mid": 168,
        "message": "Tanto tiempo! Estuve pensando en lo de P y NP. Jajajajaja.",
        "sender": 33,
        "receptant": 36,
        "lat": -34.166667,
        "long": -70.75,
        "date": "2017-09-03"
    },
    {
        "mid": 169,
        "message": "Te cuento que: Me encanta el metal. Jajajajaja.",
        "sender": 34,
        "receptant": 1,
        "lat": -22.460037,
        "long": -68.920895,
        "date": "2018-08-04"
    },
    {
        "mid": 170,
        "message": "Qué tal? Estoy intentando aprobar el test de turing. Eso me tiene bien.",
        "sender": 34,
        "receptant": 3,
        "lat": -22.460037,
        "long": -68.920895,
        "date": "2016-10-13"
    },
    {
        "mid": 171,
        "message": "Buena! Estudiaste BD?",
        "sender": 34,
        "receptant": 18,
        "lat": -22.460037,
        "long": -68.920895,
        "date": "2015-10-06"
    },
    {
        "mid": 172,
        "message": "Tanto tiempo! Pensaste en la propuesta?",
        "sender": 35,
        "receptant": 44,
        "lat": -46.059365,
        "long": -72.201691,
        "date": "2018-03-28"
    },
    {
        "mid": 173,
        "message": "Tenemos que hablar. Me voy de viaje. No sé que hacer al respecto.",
        "sender": 35,
        "receptant": 32,
        "lat": -46.059365,
        "long": -72.201691,
        "date": "2015-01-13"
    },
    {
        "mid": 174,
        "message": "Tanto tiempo! Quiero hacer el tour de Robert Langdon por Roma. No sé que hacer al respecto.",
        "sender": 35,
        "receptant": 42,
        "lat": -46.059365,
        "long": -72.201691,
        "date": "2015-04-10"
    },
    {
        "mid": 175,
        "message": "Konnichiwa! Estuve pensando en lo de P y NP. ",
        "sender": 36,
        "receptant": 17,
        "lat": 35.77304,
        "long": 140.387044,
        "date": "2017-03-18"
    },
    {
        "mid": 176,
        "message": "Sucede que: Me encanta el grunge. ",
        "sender": 36,
        "receptant": 33,
        "lat": 35.77304,
        "long": 140.387044,
        "date": "2015-05-16"
    },
    {
        "mid": 177,
        "message": "Qué tal? Cobreloa es el mejor equipo del mundo. Me despido, salu5.",
        "sender": 36,
        "receptant": 9,
        "lat": 35.77304,
        "long": 140.387044,
        "date": "2016-03-24"
    },
    {
        "mid": 178,
        "message": "Tenemos que hablar. I'm a pickle. Cambio y fuera.",
        "sender": 37,
        "receptant": 12,
        "lat": 25.2048,
        "long": 55.2708,
        "date": "2018-01-22"
    },
    {
        "mid": 179,
        "message": "Te cuento que: Descubrí que sobre las nubes vuela el aliento. Me despido, salu5.",
        "sender": 37,
        "receptant": 7,
        "lat": 25.2048,
        "long": 55.2708,
        "date": "2018-04-01"
    },
    {
        "mid": 180,
        "message": "Te cuento que: Keep calm and buy NebCoins. Me despido, salu5.",
        "sender": 37,
        "receptant": 41,
        "lat": 25.2048,
        "long": 55.2708,
        "date": "2017-10-26"
    },
    {
        "mid": 181,
        "message": "Te cuento que: Me quiero ir del United. Jajajajaja.",
        "sender": 37,
        "receptant": 23,
        "lat": 25.2048,
        "long": 55.2708,
        "date": "2018-11-10"
    },
    {
        "mid": 182,
        "message": "Tanto tiempo! Me gustó el hotel que reservé. Espero que nos juntemos pronto.",
        "sender": 38,
        "receptant": 4,
        "lat": 35.77304,
        "long": 140.387044,
        "date": "2015-01-21"
    },
    {
        "mid": 183,
        "message": "Te vendo la pintura, pero te advierto, vale una fortuna",
        "sender": 38,
        "receptant": 43,
        "lat": 35.77304,
        "long": 140.387044,
        "date": "2017-04-29"
    },
    {
        "mid": 184,
        "message": "Vermouth, ¿dónde estás? trae el APTX4869, vamos a entrar al museo",
        "sender": 38,
        "receptant": 41,
        "lat": 35.77304,
        "long": 140.387044,
        "date": "2017-04-28"
    },
    {
        "mid": 185,
        "message": "Gracias por la consagración! Ahora necesito una pared más grande",
        "sender": 43,
        "receptant": 38,
        "lat": 35.77304,
        "long": 140.387044,
        "date": "2017-04-28"
    },
    {
        "mid": 186,
        "message": "Tenemos que hablar. Estoy intentando aprobar el test de turing. Eso me tiene mal.",
        "sender": 38,
        "receptant": 35,
        "lat": 35.77304,
        "long": 140.387044,
        "date": "2016-09-27"
    },
    {
        "mid": 187,
        "message": "Konnichiwa! Odio el reggaetton. Me despido, saludos.",
        "sender": 38,
        "receptant": 11,
        "lat": 35.77304,
        "long": 140.387044,
        "date": "2018-10-28"
    },
    {
        "mid": 188,
        "message": "Hey! Quiero jugar Pokémon. Me despido, saludos.",
        "sender": 38,
        "receptant": 2,
        "lat": 35.77304,
        "long": 140.387044,
        "date": "2018-02-09"
    },
    {
        "mid": 189,
        "message": "Tanto tiempo! Descubrí que sobre las nubes vuela el aliento. Cuando un partido?",
        "sender": 39,
        "receptant": 34,
        "lat": -33.05,
        "long": -71.616667,
        "date": "2015-07-02"
    },
    {
        "mid": 190,
        "message": "Viste las noticias?",
        "sender": 39,
        "receptant": 40,
        "lat": -33.05,
        "long": -71.616667,
        "date": "2016-12-19"
    },
    {
        "mid": 191,
        "message": "Sucede que: Fue falta profe! No sé que hacer al respecto.",
        "sender": 39,
        "receptant": 11,
        "lat": -33.05,
        "long": -71.616667,
        "date": "2018-07-24"
    },
    {
        "mid": 192,
        "message": "A quién le vas a vender el cuadro?",
        "sender": 39,
        "receptant": 38,
        "lat": -33.05,
        "long": -71.616667,
        "date": "2017-04-28"
    },
    {
        "mid": 193,
        "message": "Hiciste la tarea de BD?",
        "sender": 39,
        "receptant": 19,
        "lat": -33.05,
        "long": -71.616667,
        "date": "2017-10-28"
    },
    {
        "mid": 194,
        "message": "Hola! Vas a venir?",
        "sender": 40,
        "receptant": 3,
        "lat": 43.773218,
        "long": 11.25847,
        "date": "2018-11-16"
    },
    {
        "mid": 195,
        "message": "Hey! Fue falta profe! ",
        "sender": 40,
        "receptant": 9,
        "lat": 43.773218,
        "long": 11.25847,
        "date": "2018-07-26"
    },
    {
        "mid": 196,
        "message": "Cómo estás? Te odio. No sé que hacer al respecto.",
        "sender": 40,
        "receptant": 15,
        "lat": 43.773218,
        "long": 11.25847,
        "date": "2018-04-21"
    },
    {
        "mid": 197,
        "message": "Hola! Cobreloa es el mejor equipo del mundo. Bai.",
        "sender": 40,
        "receptant": 18,
        "lat": 43.773218,
        "long": 11.25847,
        "date": "2018-06-07"
    },
    {
        "mid": 198,
        "message": "Tanto tiempo! Ayer hice un sendero muy fácil. Cambio y fuera.",
        "sender": 41,
        "receptant": 38,
        "lat": 34.690325,
        "long": 135.794393,
        "date": "2017-12-02"
    },
    {
        "mid": 199,
        "message": "Qué tal? Quería saber cómo va tu día. Eso me tiene bien.",
        "sender": 41,
        "receptant": 2,
        "lat": 34.690325,
        "long": 135.794393,
        "date": "2016-04-11"
    },
    {
        "mid": 200,
        "message": "Cómo estás? Perdí mi pingüino. 10 - 4.",
        "sender": 41,
        "receptant": 7,
        "lat": 34.690325,
        "long": 135.794393,
        "date": "2018-04-03"
    },
    {
        "mid": 201,
        "message": "Buena! Pensaste en la propuesta?",
        "sender": 42,
        "receptant": 39,
        "lat": -36.828194,
        "long": -73.051369,
        "date": "2018-10-06"
    },
    {
        "mid": 202,
        "message": "Te cuento que: Estoy intentando aprobar el test de turing. Me despido, salu3.",
        "sender": 42,
        "receptant": 1,
        "lat": -36.828194,
        "long": -73.051369,
        "date": "2015-08-05"
    },
    {
        "mid": 203,
        "message": "Hola! Ayer hice un sendero muy fácil. Me despido, saludos.",
        "sender": 42,
        "receptant": 9,
        "lat": -36.828194,
        "long": -73.051369,
        "date": "2016-05-22"
    },
    {
        "mid": 204,
        "message": "Hola! Bailé hasta muy tarde. Jijiji.",
        "sender": 42,
        "receptant": 34,
        "lat": -36.828194,
        "long": -73.051369,
        "date": "2015-10-19"
    },
    {
        "mid": 205,
        "message": "Te cuento que: Eso me tiene mal.",
        "sender": 42,
        "receptant": 41,
        "lat": -36.828194,
        "long": -73.051369,
        "date": "2017-01-22"
    },
    {
        "mid": 206,
        "message": "Buena! Odio el reggaetton. Eso me tiene mal.",
        "sender": 42,
        "receptant": 30,
        "lat": -36.828194,
        "long": -73.051369,
        "date": "2018-11-13"
    },
    {
        "mid": 207,
        "message": "Cómo estás? Me robé su corazón. Eso me hace feliz.",
        "sender": 42,
        "receptant": 26,
        "lat": -36.828194,
        "long": -73.051369,
        "date": "2017-04-09"
    },
    {
        "mid": 208,
        "message": "Tenemos que hablar. No sé que hacer. Me despido, salu3.",
        "sender": 43,
        "receptant": 28,
        "lat": 45.466667,
        "long": 9.183333,
        "date": "2018-05-19"
    },
    {
        "mid": 209,
        "message": "Cómo estás? Cobreloa es el mejor equipo del mundo. Eso me hace feliz.",
        "sender": 43,
        "receptant": 35,
        "lat": 45.466667,
        "long": 9.183333,
        "date": "2018-04-05"
    },
    {
        "mid": 210,
        "message": "Buena! Vas a venir?",
        "sender": 43,
        "receptant": 4,
        "lat": 45.466667,
        "long": 9.183333,
        "date": "2016-09-24"
    },
    {
        "mid": 211,
        "message": "Te cuento que: Está difícil la tarea. ",
        "sender": 43,
        "receptant": 36,
        "lat": 45.466667,
        "long": 9.183333,
        "date": "2016-10-06"
    },
    {
        "mid": 212,
        "message": "Tanto tiempo! Viste la teleserie?",
        "sender": 43,
        "receptant": 24,
        "lat": 45.466667,
        "long": 9.183333,
        "date": "2016-07-20"
    },
    {
        "mid": 213,
        "message": "Qué tal? Quiero organizar una fiesta de té. Eso me tiene mal.",
        "sender": 43,
        "receptant": 23,
        "lat": 45.466667,
        "long": 9.183333,
        "date": "2018-09-03"
    },
    {
        "mid": 214,
        "message": "Cómo estás? Keep calm and buy NebCoins. Cambio y fuera.",
        "sender": 43,
        "receptant": 9,
        "lat": 45.466667,
        "long": 9.183333,
        "date": "2017-04-28"
    },
    {
        "mid": 215,
        "message": "Vodka encontré al niño",
        "sender": 38,
        "receptant": 39,
        "lat": 45.466667,
        "long": 9.183333,
        "date": "2018-10-10"
    },
    {
        "mid": 216,
        "message": "Te encontramos... Kudo Shinichi",
        "sender": 38,
        "receptant": 37,
        "lat": 45.466667,
        "long": 9.183333,
        "date": "2018-10-10"
    },
    {
        "mid": 217,
        "message": "Shuuuu! ayuda, me encontraron!!!",
        "sender": 40,
        "receptant": 42,
        "lat": 45.466667,
        "long": 9.183333,
        "date": "2018-10-10"
    },
    {
        "mid": 218,
        "message": "Perdón my silver bullet, no te pude proteger ni a ti ni a ángel",
        "sender": 41,
        "receptant": 37,
        "lat": 45.466667,
        "long": 9.183333,
        "date": "2018-10-10"
    },
    {
        "mid": 219,
        "message": "Konnichiwa, watashi no namae wa James desu, amerikajin desu, eigo wa hanasemasu ka?",
        "sender": 1,
        "receptant": 4,
        "lat": 45.466667,
        "long": 9.183333,
        "date": "2017-05-05"
    },
    {
        "mid": 220,
        "message": "Ai, Eigo ga hanasemasu. O genki desu ka? ",
        "sender": 4,
        "receptant": 1,
        "lat": 45.466667,
        "long": 9.183333,
        "date": "2017-05-05"
    }
]